{"web":{"auth_uri":"https://accounts.google.com/o/oauth2/auth","client_secret":"ZyDsG3nvKeUAC57ASwD_eKKJ","token_uri":"https://accounts.google.com/o/oauth2/token","client_email":"993621654491-9aqaccutal1tq8u06rcg1cfa46rk9urt@developer.gserviceaccount.com","redirect_uris":["http://www.malucos-share.org/postafacebook.php/oauth2callback","http://www.malucos-share.org/postafacebook.php/","http://www.malucos-share.org/"],"client_x509_cert_url":"https://www.googleapis.com/robot/v1/metadata/x509/993621654491-9aqaccutal1tq8u06rcg1cfa46rk9urt@developer.gserviceaccount.com","client_id":"993621654491-9aqaccutal1tq8u06rcg1cfa46rk9urt.apps.googleusercontent.com","auth_provider_x509_cert_url":"https://www.googleapis.com/oauth2/v1/certs","javascript_origins":["http://www.malucos-share.org/","http://malucos-share.org/"]}}